entity,why
Q1150083,quarter
Q555882,dirt
Q192242,frustration
Q1107656,garden
Q3947,house
Q25107,power
Q158668,private
Q857784,camp
Q3109046,this
Q231823,purpose
Q11379,energy
Q397239,edition
Q161524,mask
Q7565,father
Q216285,chapter
Q1134322,sight
Q845126,difference
Q43261,horizon
Q2386606,right
Q1105534,freeze
Q40231,election
Q35473,window
Q29485,error
Q154425,toe
Q189004,college
Q1772698,affair
Q311681,who
Q817765,path
Q3519259,count
Q12644761,visitor
Q17008256,collection
Q192270,consumption
Q86447,issue
Q40821,surgery
Q208195,pleasure
Q978044,executive
Q11432,gas
Q14710,mount
Q11469,glass
Q5326940,earnings
Q468756,shore
Q39911,decade
Q397,Latin
Q1270787,she
Q239790,United
Q24489,coal
Q1079196,command
Q3088430,resistance
Q39546,tool
Q43193,truck
Q2630146,core
Q1230584,diversity
Q132137,icon
Q903577,break
Q52943,conversation
Q652,Italian
Q3087607,sweet
Q159394,defendant
Q1499786,climb
Q17285,plane
Q7566,parent
Q7722,morning
Q7063001,notice
Q131288,immigration
Q41415,soup
Q123705,neighborhood
Q7364,eye
Q331481,cover
Q339587,ban
Q37425,knee
Q758238,attribute
Q11264559,heritage
Q525155,contact
Q1274115,responsibility
Q4,death
Q1630279,guideline
Q1072012,international
Q80973,breakfast
Q19833559,preparation
Q3885844,origin
Q327055,worker
Q2165236,everything
Q8134,economics
Q482994,album
Q10911683,serve
Q152574,coat
Q22855,consumer
Q42889,vehicle
Q83267,crime
Q174834,authority
Q726,horse
Q1824143,delivery
Q484298,surface
Q17991521,tale
Q5113,bird
Q875157,resort
Q464980,exhibition
Q1445650,holiday
Q1153773,out
Q4116378,confidence
Q338754,control
Q1851760,victim
Q9644,joint
Q289891,enemy
Q93352,coast
Q283102,afternoon
Q749212,gentleman
Q1812346,legacy
Q13428325,breath
Q177053,Mr
Q6266,nation
Q1682108,vision
Q1503211,pine
Q190685,PC
Q128234,case
Q736288,rate
Q1362683,expectation
Q169545,tire
Q658371,extra
Q11707,restaurant
Q13196750,left
Q182832,concert
Q194112,value
Q7363,nose
Q703087,provision
Q56289743,counselor
Q47541952,producer
Q1318370,term
Q131841,idea
Q8094,wind
Q4290,investment
Q406714,air
Q1379672,evaluation
Q613299,statement
Q2180428,pole
Q40831,comedy
Q7366,song
Q3754526,administration
Q5891,philosophy
Q3071551,pride
Q1251441,leader
Q1799916,hold
Q9073584,increase
Q387834,thing
Q130768,smoke
Q172226,ski
Q943,yellow
Q625525,video
Q361698,page
Q2858150,aside
Q3732574,mistake
Q1124733,take
Q178651,interview
Q946865,retirement
Q80994,adult
Q2796622,mean
Q500062,magnitude
Q15262084,procedure
Q53060,gate
Q1063,evolution
Q13360264,pie
Q658274,menu
Q330946,blade
Q121594,professor
Q643352,grass
Q202805,combination
Q201788,historian
Q14745,furniture
Q7695,march
Q179076,exchange
Q49776,strike
Q816741,porch
Q878070,duty
Q11410,game
Q170924,interest
Q862761,interior
Q865588,committee
Q457875,extension
Q193432,fan
Q1378024,lady
Q44167,engine
Q1070421,script
Q11765,fee
Q2346003,sector
Q83460,general
Q623,carbon
Q7187,gene
Q2066131,athlete
Q192630,past
Q380640,tip
Q599151,official
Q496997,indication
Q1069931,last
Q18089644,guest
Q1920566,answer
Q1366722,final
Q132041,key
Q45364,wing
Q7619904,storage
Q16280097,version
Q1410110,branch
Q1294755,craft
Q1794067,place
Q854659,gain
Q2637814,shelf
Q345096,less
Q57216,plate
Q1577757,link
Q987767,container
Q8261,novel
Q190507,hope
Q29142,attempt
Q3030248,discussion
Q8016240,trial
Q811491,boom
Q93586,feature
Q1073,brain
Q600751,prosecutor
Q379833,lesson
Q41298,magazine
Q11348,function
Q17278,circle
Q7873,blood
Q219239,recipe
Q1050303,downtown
Q1196074,he
Q188968,perspective
Q226324,Indian
Q188572,fact
Q477494,sheet
Q1068543,chamber
Q52105,habitat
Q37055,independence
Q380075,advocate
Q935526,joy
Q7949,truth
Q1058733,support
Q315364,transfer
Q173387,grave
Q17737,theory
Q1419626,tube
Q132311,fantasy
Q171558,accident
Q7974,Asian
Q13191,orange
Q33231,photographer
Q323336,factor
Q1248784,airport
Q9128,light
Q2488752,earth
Q321767,pocket
Q39552,pressure
Q12002092,welfare
Q20204151,hole
Q11755381,trick
Q179448,noise
Q382571,association
Q718893,theater
Q3031,girl
Q713493,hit
Q1578,cigarette
Q6014548,incident
Q133673,spin
Q83180,roof
Q622747,quarterback
Q522344,score
Q920915,emphasis
Q195742,sweep
Q462437,composition
Q137823,monitor
Q294600,AM
Q93288,contract
Q1051925,resolution
Q73368,online
Q170219,sake
Q421744,act
Q11446,ship
Q8445,marriage
Q690194,suggestion
Q170406,rhythm
Q7087,consciousness
Q349,sport
Q7434,uniform
Q870,train
Q308194,daughter
Q1137224,draw
Q204776,bench
Q79007,street
Q8495,milk
Q51647,mission
Q5638,bus
Q2868277,associate
Q7783619,they
Q1202245,potential
Q208160,courage
Q358827,administrator
Q170584,project
Q849964,jacket
Q489398,reach
Q81054,storm
Q13228,cream
Q201097,basket
Q42962,oil
Q36794,door
Q331769,mood
Q1312,spring
Q571,book
Q133346,border
Q6055890,funding
Q12078,cancer
Q12876,tank
Q3499072,chef
Q3962655,opinion
Q1080137,troop
Q657221,dinner
Q12888920,choice
Q208123,deck
Q15116915,show
Q759916,service
Q37038,advertising
Q186619,argument
Q1151419,sacred
Q170774,miracle
Q3026787,saying
Q133250,sequence
Q83500,intelligence
Q253509,more
Q68,computer
Q774228,requirement
Q1297322,satellite
Q721834,manager
Q18733,recall
Q209465,campus
Q428148,regulation
Q12136,disease
Q1845,Bible
Q342240,Democrat
Q5195029,current
Q240854,hall
Q37172,wave
Q2397733,pile
Q12725,electricity
Q595597,negative
Q23390,deer
Q1358789,senior
Q7569,child
Q213381,generation
Q11540953,search
Q28196260,alcohol
Q7710078,than
Q24384,season
Q542929,product
Q830036,shopping
Q8253,fiction
Q687900,cool
Q107425,landscape
Q321839,agreement
Q183366,territory
Q41551,pipe
Q1472481,spread
Q208826,height
Q518390,nod
Q12147,health
Q10294,poverty
Q9465,ethics
Q595094,sister
Q654693,beat
Q60322905,pop
Q160342,track
Q283916,cut
Q188075,box
Q1492760,teenager
Q13582404,danger
Q159904,affect
Q2006082,sun
Q1938414,taxpayer
Q101072,definition
Q166142,application
Q663143,production
Q284243,touch
Q167037,corporation
Q49906,sample
Q3914,school
Q8148,industry
Q2085381,publisher
Q7727,minute
Q779859,equipment
Q1640172,pay
Q2986261,commercial
Q524080,split
Q188823,scholarship
Q30461,president
Q327245,team
Q502261,silence
Q48282,student
Q170212,patient
Q1028181,painter
Q37260,writing
Q7174,democracy
Q184260,mortgage
Q282049,career
Q33999,actor
Q472160,scope
Q8502,mountain
Q7478101,we
Q525344,confusion
Q21546392,garlic
Q12896105,lunch
Q9332,behavior
Q198,war
Q262246,sign
Q36180,writer
Q206021,flight
Q679,west
Q9788,letter
Q1490716,pregnancy
Q8054,protein
Q9238344,grandfather
Q159810,economy
Q23397,lake
Q1979154,model
Q275186,gang
Q44537,Christian
Q5,human
Q157811,virtue
Q10987,honey
Q60960,tail
Q1365641,balance
Q18545,ball
Q18185,grade
Q179057,explosion
Q41487,court
Q131514,couch
Q625420,perfect
Q630830,era
Q175385,population
Q18054140,collapse
Q169489,security
Q630649,meter
Q382386,vessel
Q16358610,instructor
Q3236990,self
Q212878,husband
Q741252,exhibit
Q666258,platform
Q876065,double
Q22698,park
Q849829,cope
Q17104930,outcome
Q28510,respect
Q1046315,level
Q1075,color
Q7362,ear
Q667,south
Q485178,analyst
Q842046,check
Q2248623,scholar
Q850210,revenue
Q34516,imagination
Q392326,club
Q617224,wear
Q234460,text
Q468388,boss
Q16917,hospital
Q908656,preference
Q131572,refugee
Q44946,point
Q3010,boy
Q259059,household
Q1643184,help
Q6095429,pass
Q214252,stable
Q1088,blue
Q192797,elite
Q317949,activity
Q2995644,result
Q728,weapon
Q5167661,justice
Q521994,hide
Q8434,education
Q976981,formula
Q750449,flow
Q124490,violence
Q200266,handle
Q836316,Olympic
Q34302,doubt
Q899391,dominant
Q35760,essay
Q169872,symptom
Q14373,fishing
Q1,universe
Q61509,travel
Q830337,prior
Q628523,message
Q7561,snow
Q640506,cabinet
Q42848,data
Q17147,egg
Q11035,telephone
Q27905,suit
Q40953,prayer
Q37654,market
Q974144,educator
Q6881511,enterprise
Q3568,focus
Q15026,chair
Q680499,screen
Q344,future
Q8074,cloud
Q515,city
Q4281830,mark
Q300918,cat
Q31029,rope
Q129235,Soviet
Q205663,process
Q23009870,cousin
Q13516686,expense
Q189964,felt
Q207333,honor
Q24716636,volunteer
Q2695280,technique
Q1255828,controversy
Q5307897,drive
Q59486,Senate
Q621184,problem
Q47223,birthday
Q1228599,section
Q1241356,record
Q213441,shop
Q677,iron
Q315,language
Q1758159,agenda
Q636109,property
Q28472,hair
Q193078,injury
Q177239,limit
Q267984,fourth
Q17563434,target
Q195,chocolate
Q12684,fashion
Q852061,champion
Q185958,float
Q278368,user
Q340709,shrug
Q878249,alliance
Q11002,sugar
Q133500,learning
Q2186896,estate
Q5410500,faith
Q23640,head
Q6256,country
Q2141565,situation
Q58968,intellectual
Q1148747,payment
Q583271,medium
Q7802,bread
Q179661,treatment
Q36161,set
Q499525,structure
Q2095,food
Q82821,tradition
Q799,wisdom
Q80151,hat
Q170518,burn
Q335925,bottom
Q601401,trade
Q178794,watch
Q1247195,mystery
Q7001368,flat
Q659390,construct
Q37017,face
Q998,baby
Q124964,coalition
Q8486,coffee
Q1355665,concentrate
Q1144201,collect
Q9200127,member
Q4358176,council
Q553,tooth
Q3686031,concentration
Q13557414,recording
Q270952,cold
Q1187312,yesterday
Q7737,Russian
Q183046,meaning
Q46744,understanding
Q124072,rifle
Q1798167,coverage
Q3957,town
Q40843,cross
Q4967012,brief
Q5727902,circa
Q10998,potato
Q381160,expert
Q316,love
Q9415,emotion
Q144,dog
Q24075297,fate
Q25379,play
Q849811,British
Q899301,yield
Q11652,frequency
Q174647,heel
Q32032,net
Q44377,tunnel
Q203066,relation
Q13235160,manufacturer
Q622645,attitude
Q224952,suspect
Q139680,snap
Q1196258,testimony
Q173106,network
Q244700,ultimate
Q461674,becoming
Q679989,complex
Q247792,progress
Q4202277,enforcement
Q42240,research
Q646462,cable
Q7257997,survey
Q309100,planning
Q500834,tournament
Q40080,beach
Q8514,desert
Q1311,winter
Q131569,treaty
Q593676,pale
Q7163,politics
Q8425,society
Q331710,fitness
Q3142800,source
Q102538,company
Q1773152,participation
Q1052451,orientation
Q1364,fruit
Q35865,inflation
Q11060274,print
Q4352352,step
Q193837,bedroom
Q1200750,description
Q215627,person
Q186361,punishment
Q10289,barrel
Q679087,campaign
Q618804,bear
Q3348297,observer
Q703534,employee
Q1631996,how
Q5164591,consultant
Q1433373,other
Q6501338,attention
Q2885682,barrier
Q11004,vegetable
Q5852,blanket
Q10675206,ingredient
Q656365,employment
Q1781600,Congress
Q1210093,over
Q2574811,cause
Q80687,secretary
Q3711325,speed
Q251777,custom
Q2002583,tablespoon
Q166231,infection
Q4402708,demand
Q58778,system
Q5377,golf
Q491498,fortune
Q42909,reporter
Q1145381,round
Q44,beer
Q386905,familiar
Q44649,ideal
Q276258,childhood
Q621695,blame
Q1165897,you
Q697327,lawsuit
Q820477,mine
Q32098,sanction
Q173799,entertainment
Q154430,anxiety
Q6430706,critic
Q160151,price
Q378408,initial
Q429220,pink
Q134560,belt
Q1048607,conviction
Q134556,single
Q13217555,background
Q9418,psychology
Q43164,kitchen
Q190,God
Q106526,short
Q4233220,master
Q298460,UTC
Q200538,party
Q228563,Republican
Q132050,governor
Q217602,analysis
Q137372,agent
Q240673,cost
Q444184,recovery
Q322481,size
Q131395,dialogue
Q205961,skill
Q350205,income
Q492,memory
Q11563,number
Q206887,civilian
Q10737,suicide
Q35758,matter
Q1541554,yes
Q180684,conflict
Q1363761,hang
Q684,east
Q14290559,guide
Q41650356,billion
Q1274979,creature
Q189756,question
Q11663,weather
Q101965,experiment
Q127197,bomb
Q116213,vacation
Q918385,training
Q7432,species
Q151885,concept
Q1436482,worry
Q1377846,save
Q533047,rose
Q2743326,figure
Q34172,butter
Q5287,Japanese
Q1355298,examination
Q11436,aircraft
Q618536,candidate
Q3143131,pepper
Q742407,assist
Q83307,minister
Q160289,hearing
Q11424,film
Q2001588,palm
Q5090,rice
Q997419,closer
Q15614918,that
Q121769,reference
Q641118,personality
Q81050,eight
Q133105,leg
Q595523,notion
Q190868,boot
Q959298,intervention
Q2565881,bet
Q709123,sort
Q200539,dress
Q11460,clothing
Q170494,body
Q483247,phenomenon
Q40357,prison
Q759676,task
Q43229,organization
Q32489,knife
Q39631,physician
Q1255864,fun
Q3481047,ratio
Q1229501,distinction
Q35872,boat
Q12140,medication
Q808,virus
Q1323314,bag
Q23387,week
Q564,hell
Q693944,grain
Q913999,load
Q4197743,player
Q2095727,pot
Q211391,weekend
Q1714153,adjustment
Q210027,exposure
Q9635,mouth
Q13473501,collective
Q10931,revolution
Q3120038,proper
Q3526964,giant
Q1210151,run
Q9614,tongue
Q2566598,religious
Q160020,shadow
Q39809,marketing
Q33767,hand
Q28692681,stop
Q76469,tear
Q909380,stock
Q633423,rail
Q14819852,birth
Q319622,saving
Q600134,course
Q46970,airline
Q732577,publication
Q902342,discovery
Q161,fiber
Q897,gold
Q54050,hill
Q6468673,lack
Q27318,test
Q865811,distribution
Q207137,curriculum
Q2125243,wide
Q11574,second
Q118819,pitch
Q228436,tension
Q170198,series
Q79719,license
Q34486,helicopter
Q1076566,ordinary
Q9103,breast
Q45529,ghost
Q76768,shirt
Q1774898,clinic
Q42213,work
Q41719,hypothesis
Q1759167,study
Q1362362,wake
Q483225,race
Q273120,protest
Q1155838,correspondent
Q140565,sink
Q219160,couple
Q36348,dream
Q7958,explanation
Q17522177,age
Q196939,witness
Q345847,investigation
Q693464,cash
Q169207,discrimination
Q656784,rank
Q185359,union
Q1318295,narrative
Q1064858,desk
Q1034411,efficiency
Q16502,world
Q185674,field
Q313354,hundred
Q983927,major
Q1174599,attack
Q194489,salary
Q3026325,slide
Q154558,corn
Q221673,host
Q467011,invasion
Q3305213,painting
Q446,wheel
Q1090,silver
Q5038191,card
Q45767,competition
Q443767,mess
Q379813,bean
Q677393,intention
Q14660,flag
Q466707,utility
Q366134,chest
Q93190,divorce
Q483501,artist
Q733553,channel
Q81938,pain
Q2251595,protection
Q162244,hero
Q1061524,intensity
Q217451,PM
Q7275,state
Q155656,will
Q702269,professional
Q124794,taste
Q11461,sound
Q190139,talent
Q605704,dozen
Q2648051,obligation
Q207766,lawn
Q205555,feeling
Q7632586,success
Q22731,stone
Q3133,green
Q1243001,fine
Q214609,material
Q9620,nerve
Q3710,foot
Q7993606,while
Q7560,mother
Q8441,man
Q2627975,ceremony
Q639669,musician
Q621114,classroom
Q467,woman
Q17955,criticism
Q528166,client
Q22687,bank
Q42177,bed
Q180516,room
Q3707858,type
Q1315911,discipline
Q906409,maintenance
Q7987,mouse
Q204170,darkness
Q1260632,content
Q35197,mirror
Q131596,farm
Q188224,mode
Q1541064,smell
Q1062856,anniversary
Q7925,rain
Q3918,university
Q18029574,colleague
Q461499,transformation
Q879844,rest
Q638,music
Q214339,role
Q62637727,what
Q1758037,speaker
Q101401,bell
Q362482,operation
Q738168,pattern
Q5633897,tourist
Q41500,root
Q321102,trace
Q55919789,tendency
Q1514415,trend
Q15328,camera
Q218734,if
Q7140693,partner
Q1456832,offense
Q40763,seed
Q235544,flame
Q7725,evening
Q184753,wound
Q11471,time
Q37226,teacher
Q11423,mass
Q3297804,edge
Q49850,journal
Q733541,consequence
Q775842,desire
Q80228,bottle
Q25372,drama
Q901,scientist
Q2154246,shooting
Q2164233,sustain
Q170544,tent
Q899641,lean
Q41583,coach
Q60918,commission
Q9142,Irish
Q872,radio
Q187860,option
Q180958,faculty
Q133311,tribe
Q10884,tree
Q160464,button
Q432449,carry
Q381072,crisis
Q192276,measure
Q9235758,grandmother
Q304940,GMT
Q3021489,delay
Q169534,division
Q105674,running
Q23856,top
Q523,star
Q614467,brush
Q7401,part
Q3,life
Q1403016,arrest
Q40348,lawyer
Q193291,spirit
Q23392,ice
Q267917,parking
Q182076,credit
Q170079,minor
Q37105,line
Q2388316,public
Q188889,code
Q1050563,nice
Q336,science
Q186360,nurse
Q246868,lot
Q36253,length
Q127771,fighter
Q5369,baseball
Q42948,wall
Q31603,draft
Q346146,facility
Q176763,evidence
Q1554231,resource
Q10870555,report
Q49848,document
Q194428,stage
Q1366302,row
Q189539,loan
Q4440864,dimension
Q905424,range
Q5320,switch
Q38695,cooking
Q1404101,fellow
Q32090,lifestyle
Q742368,block
Q4173974,flavor
Q7430,DNA
Q156839,cook
Q37726,army
Q491,friendship
Q3769186,judgment
Q2542618,sharp
Q8473,military
Q22657,concrete
Q10861465,brother
Q7555845,solar
Q778379,expression
Q1862087,prisoner
Q2097233,station
Q1913301,produce
Q1421509,mere
Q815844,method
Q150,French
Q127980,fat
Q2328086,guarantee
Q283937,at
Q287,wood
Q190095,gray
Q18204,class
Q28640,profession
Q848346,fade
Q1414142,fill
Q1474611,plot
Q527,sky
Q12483,statistics
Q11190,medicine
Q859257,fly
Q19100,captain
Q674413,tell
Q23445,black
Q7283,terrorism
Q938236,panel
Q756,plant
Q107,space
Q3352140,one
Q728646,partnership
Q10990,meat
Q2532754,achievement
Q47521,stream
Q23442,island
Q1156895,nomination
Q169336,mixture
Q686822,bill
Q319604,passenger
Q3249878,like
Q3107473,Jew
Q206864,kick
Q4213,telescope
Q335320,finger
Q200801,topic
Q602418,segment
Q7886,lung
Q746549,dish
Q2112073,profit
Q1271511,standard
Q208084,aspect
Q660818,league
Q1020994,citizen
Q5119,capital
Q543694,jet
Q240313,battery
Q98381241,contest
Q45701,waste
Q719395,category
Q23501,tomato
Q506,flower
Q21004260,inquiry
Q133279,back
Q160402,perception
Q4382010,profile
Q8038397,write
Q516021,proof
Q2761147,meeting
Q58179319,stranger
Q367293,convention
Q164359,experience
Q11028,information
Q182060,office
Q75,Internet
Q573,day
Q1930187,journalist
Q4323994,traffic
Q374105,via
Q32483,character
Q1072430,die
Q8171,word
Q875399,boundary
Q9430,ocean
Q47740,Muslim
Q4002659,officer
Q707125,threat
Q126731,bullet
Q188094,economist
Q193891,veteran
Q930412,depth
Q1650915,researcher
Q1417516,pilot
Q1093742,lemon
Q732833,decision
Q2374066,powder
Q41796,sentence
Q1714828,hunter
Q211236,celebrity
Q11402,force
Q5070802,emergency
Q729,animal
Q925783,instruction
Q4022,river
Q11426,metal
Q47694,proportion
Q5994,piano
Q11692,share
Q484275,leadership
Q318,galaxy
Q2920921,management
Q334600,practice
Q617332,setting
Q977433,wonder
Q543461,charge
Q152,fish
Q11466,temperature
Q201676,funeral
Q82955,politician
Q79871,anger
Q28575,county
Q7075,library
Q230788,grant
Q235282,moral
Q44342,legend
Q1983062,episode
Q1414816,incentive
Q190539,discourse
Q3150770,influence
Q1664689,instance
Q644302,motivation
Q9420,thinking
Q3053337,employer
Q7460262,shade
Q8242,literature
Q1055293,multiple
Q15290,good
Q11023,engineering
Q286576,register
Q125191,photograph
Q9510,reality
Q561457,carrier
Q10967832,expose
Q481609,damage
Q265868,bone
Q478798,image
Q260899,shot
Q1292119,style
Q305178,introduction
Q48277,gender
Q39297,volume
Q23444,white
Q12370,salt
Q380962,cooperation
Q376,clock
Q263478,note
Q44619,fear
Q27948,list
Q1141067,comment
Q28390,degree
Q836925,complaint
Q106658,district
Q1247867,housing
Q463180,American
Q618779,award
Q6091500,it
Q3142,red
Q866650,bite
Q557880,investor
Q11019,machine
Q1179073,prescription
Q181820,file
Q551997,wire
Q207961,shape
Q15253558,activist
Q1968967,leading
Q508295,account
Q18530,goal
Q454839,ticket
Q203872,being
Q164,square
Q835400,combine
Q290042,turn
Q900406,reform
Q40050,drink
Q42973,architect
Q269949,highway
Q7315941,respondent
Q333173,surprise
Q4489450,heaven
Q1029907,stomach
Q188830,wife
Q7743,home
Q11427,steel
Q11020,pool
Q187939,manufacturing
Q708,lead
Q611203,plan
Q10971443,stick
Q1436130,still
Q282939,scene
Q358362,PDT
Q36963,hunting
Q1308239,buyer
Q795052,individual
Q178354,reason
Q178359,sauce
Q1695023,alternative
Q202581,label
Q1656682,event
Q105562,opposition
Q7188,government
Q656720,workshop
Q8452,abortion
Q190429,depression
Q319608,address
Q12547146,immigrant
Q278818,must
Q11693,bond
Q377213,defense
Q208218,patch
Q437408,CEO
Q179651,scale
Q11349590,resist
Q7493941,shelter
Q49836,wedding
Q42603,priest
Q431289,brand
Q13276,cake
Q1606712,transition
Q300867,make
Q107313420,chance
Q379825,element
Q178061,shock
Q1385033,exterior
Q1758639,pack
Q206361,concern
Q329777,appeal
Q233646,growth
Q9633,neck
Q1162163,director
Q1039416,frame
Q690182,contrast
Q592,gay
Q188,German
Q14748,table
Q3422036,recognition
Q1436734,adventure
Q185957,quality
Q185056,radical
Q96399581,please
Q100995,pound
Q456673,charity
Q16363,shoulder
Q385378,construction
Q80071,symbol
Q15464334,straight
Q50000,victory
Q11024,communication
Q175026,object
Q313549,Mrs
Q11352,angle
Q4115667,impact
Q343546,reaction
Q5574688,go
Q52948,interaction
Q101843,period
Q634,planet
Q9174,religion
Q974850,missile
Q37507,match
Q153988,bowl
Q33506,museum
Q13109234,welcome
Q628179,trail
Q188507,apartment
Q929848,movement
Q216425,teaspoon
Q206621,drag
Q739168,position
Q431165,scheme
Q44432,heat
Q4421,forest
Q126017,distance
Q185789,drop
Q43483,well
Q193181,observation
Q114633,find
Q11639,dance
Q82799,name
Q177220,singer
Q18193,form
Q365680,assault
Q41176,building
Q2068602,penalty
Q7868,cell
Q285726,dig
Q1074500,chip
Q165939,reflection
Q1299714,habit
Q36133,soil
Q7860,nature
Q2743,musical
Q515895,odds
Q241625,wish
Q193168,present
Q16364,throat
Q3924150,neighbor
Q247299,counter
Q659974,trust
Q1368,money
Q82604,design
Q2360918,piece
Q125356,saw
Q691543,pace
Q83405,factory
Q3312801,permit
Q365184,ground
Q4830453,business
Q196626,context
Q254474,identity
Q12453,measurement
Q578,century
Q104837,phase
Q6501319,proposal
Q173253,sense
Q25288,weight
Q2039217,identification
Q289,television
Q79405,Arab
Q11438,solid
Q104482419,survival
Q8104,atmosphere
Q833734,tone
Q385848,African
Q34679,sand
Q7390,voice
Q13365589,principal
Q25235,hour
Q200535,wealth
Q1209716,tomorrow
Q2159907,criminal
Q178561,battle
Q16354816,elsewhere
Q427711,till
Q468777,existence
Q217086,story
Q1937518,reservation
Q2025821,opening
Q265158,review
Q157031,foundation
Q24994,safety
Q1722555,steal
Q11472,paper
Q429571,brilliant
Q43656,cholesterol
Q123704,swing
Q8386,drug
Q184303,gift
Q471898,safe
Q622404,boyfriend
Q345367,social
Q131138,joke
Q318028,shell
Q187931,phrase
Q516626,terror
Q19809,Christmas
Q36602,order
Q7850,Chinese
Q165632,dust
Q11474,plastic
Q6147804,cap
Q1202008,schedule
Q98815142,hello
Q43183,insurance
Q12280,bridge
Q1156854,policy
Q578508,try
Q185451,strategy
Q2046512,pair
Q189569,basis
Q683979,standing
Q217164,floor
Q47089,fault
Q638982,moment
Q659,north
Q175331,demonstration
Q294083,editor
Q450,mind
Q482980,author
Q1313396,headline
Q7748,law
Q912546,reduction
Q2992075,conclusion
Q286,leather
Q33971,leaf
Q8161,tax
Q1344851,consideration
Q22857,climbing
Q2137554,direction
Q179875,debate
Q12202,stroke
Q3196867,debt
Q3151690,today
Q118084,unit
Q8365495,fit
Q25113,guard
Q1433533,reader
Q4817,column
Q11016,technology
Q2472587,people
Q1051976,route
Q194189,sales
Q4338318,awareness
Q207326,summit
Q40089,brick
Q833053,theme
Q6136054,guess
Q736917,formation
Q280658,forward
Q24091434,freedom
Q184754,string
Q9893,I
Q36539,oven
Q1150070,change
Q216353,title
Q378078,substance
Q7397,software
Q10942718,actress
Q132821,murder
Q79782,motion
Q43471,arm
Q11500,area
Q46847,ring
Q224169,fifth
Q7863,shower
Q25392373,fund
Q245595,cycle
Q1090839,scenario
Q93184,drawing
Q1970348,luck
Q104493,risk
Q5151,month
Q1553259,insight
Q49371,legislation
Q870860,claim
Q1757710,cluster
Q482798,yard
Q605035,strength
Q1072,heart
Q1566,tobacco
Q532,village
Q1416670,cabin
Q31924,connection
Q34442,road
Q15173,lip
Q6097,tea
Q224074,third
Q221706,ceiling
Q202785,average
Q91165,keep
Q38926,news
Q970397,Canadian
Q14944328,example
Q349047,thought
Q76557,uncle
Q656656,tap
Q32043,addition
Q600571,abuse
Q1928883,slip
Q190258,need
Q44782,port
Q487,smile
Q309,history
Q1055911,tactic
Q947731,tie
Q345844,crew
Q211198,audience
Q3352472,creation
Q192909,scandal
Q1151067,rule
Q1276686,lap
Q40397,tissue
Q103510,bar
Q1444210,roll
Q1074,skin
Q148571,fence
Q1202506,win
Q39201,pet
Q584804,capacity
Q210439,interpretation
Q47038,cheek
Q2132873,advice
Q164573,subject
Q643589,department
Q483242,laboratory
Q604733,presentation
Q552299,chain
Q735,art
Q914681,prime
Q56274009,looking
Q165,sea
Q80930,tragedy
Q177634,community
Q3400985,academic
Q519,shit
Q837675,jury
Q2976603,classic
Q193818,hip
Q8805,bit
Q46737,asset
Q290,sex
Q131030,operator
Q778384,display
Q7969813,warning
Q14467155,gaze
Q83306,group
Q1430466,escape
Q50701,variable
Q5322166,designer
Q25075,center
Q192581,job
Q1367353,comfort
Q154242,nothing
Q11193,base
Q524980,commander
Q174984,signal
Q194433,lift
Q3663782,Catholic
Q780,chicken
Q138,king
Q846785,action
Q288514,fair
Q4925193,lie
Q1183543,device
Q542869,supply
Q169031,glove
Q1049658,flesh
Q2256933,crack
Q1079023,championship
Q474191,diet
Q9165,soul
Q11009,nut
Q1308999,restriction
Q16533,judge
Q41263,budget
Q1671968,pose
Q932410,session
Q63226770,initiative
Q22733,garage
Q202875,negotiation
Q22676,shoe
Q7540126,headquarters
Q15686806,senator
Q212980,psychologist
Q7307,kiss
Q167412,settlement
Q220869,shoot
Q34394,belief
Q199657,reading
Q283834,kill
Q577714,comparison
Q1313,summer
Q341320,Supreme
Q12730238,ie
Q188728,privacy
Q873506,index
Q41191,no
Q5589178,regime
Q335046,passion
Q27686,hotel
Q1321,Spanish
Q12827256,myth
Q11042,culture
Q8492,juice
Q177232,son
Q12518,tower
Q282,wine
Q3496332,staff
Q517596,mechanism
Q4982800,buck
Q11457,cotton
Q2085066,land
Q283,water
Q899192,front
Q11588367,shake
Q30185,mayor
Q8436,family
Q569612,technical
Q7382648,majority
Q5447188,solution
Q174219,paint
Q60227,sin
Q577,year
Q12131,disability
Q805079,bend
Q852835,customer
Q178706,institution
Q188248,constant
Q34876,province
Q123414,stress
Q1890036,rush
Q11422,toy
Q352388,driver
Q35535,police
Q247976,studio
Q159979,twin
Q6821213,wage
Q35140,performance
Q5034466,capability
Q52946,speech
Q39816,valley
Q1329910,view
Q9266,salad
Q11158,acid
Q134307,portrait
Q352842,teaching
Q9081,knowledge
Q47071,brown
Q6060613,invest
Q11748378,cow
Q332340,absolute
Q10943,cheese
Q13266,cookie
Q902501,date
Q470540,seat
Q4991371,soldier
Q1055894,deputy
Q767728,variety
Q26382,side
Q379755,arrangement
Q725975,supporter
Q214934,crop
Q81727,cup
Q371174,gesture
Q182,English
Q49845,mail
Q190007,youth
Q454,peace
Q1272626,representation
Q81096,engineer
Q3196,fire
Q103184,article
Q202064,phone
Q58734,pollution
Q1425577,promise
Q575,night
Q4006,map
Q202722,consensus
Q1572519,environment
Q3436010,moderate
Q4153227,gap
Q3880557,objective
Q1121708,failure
Q211364,principle
Q6673651,literary
Q8063,rock
Q528892,occupation
Q11032,newspaper
Q625360,margin
Q337349,honesty
Q190771,bathroom
Q7242,beauty
Q7983223,were
Q659600,launch
Q172560,throw
Q49835,girlfriend
Q740002,TV
Q35831,sleep
Q105731,lock
Q376895,as
Q352450,agency
Q131512,farmer
Q28923,chart
Q13430821,crowd
inverted_kb = t.invert_kb(lang='en')
df = df
df = pd.read_csv('data/interim/wikidatamatcher/entities_remove.csv')
df['why'] = [o.strip() for o in df['why']]
df = df.sort_values(by='why')
df = df[~df.duplicated()]
for i, row in df.iterrows():
    print(f"{row['entity']},{row['why']}")
Q294600,AM
Q385848,African
Q463180,American
Q79405,Arab
Q7974,Asian
Q1845,Bible
Q849811,British
Q437408,CEO
Q970397,Canadian
Q3663782,Catholic
Q3593688,Center of Test Evaluation Program Selection and Placement
Q7850,Chinese
Q44537,Christian
Q19809,Christmas
Q1781600,Congress
Q7430,DNA
Q342240,Democrat
Q182,English
Q150,French
Q304940,GMT
Q188,German
Q190,God
Q9893,I
Q226324,Indian
Q75,Internet
Q9142,Irish
Q652,Italian
Q5287,Japanese
Q3107473,Jew
Q397,Latin
Q177053,Mr
Q313549,Mrs
Q47740,Muslim
Q836316,Olympic
Q190685,PC
Q358362,PDT
Q217451,PM
Q228563,Republican
Q7737,Russian
Q59486,Senate
Q129235,Soviet
Q1321,Spanish
Q341320,Supreme
Q740002,TV
Q298460,UTC
Q239790,United
Q174193,United Kingdom of Great Britain and Ireland
Q8452,abortion
Q332340,absolute
Q600571,abuse
Q3400985,academic
Q11862829,academic discipline
Q171558,accident
Q508295,account
Q2532754,achievement
Q11158,acid
Q421744,act
Q846785,action
Q15253558,activist
Q317949,activity
Q33999,actor
Q10942718,actress
Q2,Earth
Q12029,addiction
Q32043,addition
Q319608,address
Q1714153,adjustment
Q3754526,administration
Q358827,administrator
Q80994,adult
Q1436734,adventure
Q37038,advertising
Q2132873,advice
Q380075,advocate
Q62447,aerodrome
Q1772698,affair
Q159904,affect
Q283102,afternoon
Q17522177,age
Q352450,agency
Q1758159,agenda
Q137372,agent
Q321839,agreement
Q406714,air
Q11436,aircraft
Q46970,airline
Q1248784,airport
Q482994,album
Q28196260,alcohol
Q878249,alliance
Q1695023,alternative
Q217602,analysis
Q485178,analyst
Q79871,anger
Q11352,angle
Q729,animal
Q80962,animal husbandry
Q1062856,anniversary
Q1920566,answer
Q154430,anxiety
Q188507,apartment
Q329777,appeal
Q166142,application
Q3621491,archaeologist
Q42973,architect
Q11500,area
Q186619,argument
Q43471,arm
Q37726,army
Q379755,arrangement
Q1403016,arrest
Q735,art
Q103184,article
Q483501,artist
Q376895,as
Q2858150,aside
Q208084,aspect
Q365680,assault
Q1752346,assembly
Q46737,asset
Q742407,assist
Q2868277,associate
Q382571,association
Q283937,at
Q2066131,athlete
Q8104,atmosphere
Q1174599,attack
Q29142,attempt
Q6501338,attention
Q622645,attitude
Q758238,attribute
Q211198,audience
Q482980,author
Q174834,authority
Q202785,average
Q618779,award
Q4338318,awareness
Q998,baby
Q133279,back
Q13217555,background
Q1323314,bag
Q1365641,balance
Q18545,ball
Q339587,ban
Q22687,bank
Q103510,bar
Q10289,barrel
Q2885682,barrier
Q11193,base
Q5369,baseball
Q189569,basis
Q201097,basket
Q190771,bathroom
Q240313,battery
Q178561,battle
Q40080,beach
Q379813,bean
Q618804,bear
Q654693,beat
Q7242,beauty
Q461674,becoming
Q42177,bed
Q193837,bedroom
Q44,beer
Q529711,beginning
Q9332,behavior
Q203872,being
Q34394,belief
Q101401,bell
Q134560,belt
Q204776,bench
Q805079,bend
Q2565881,bet
Q686822,bill
Q41650356,billion
Q420,biology
Q5113,bird
Q14819852,birth
Q47223,birthday
Q8805,bit
Q866650,bite
Q23445,black
Q330946,blade
Q621695,blame
Q5852,blanket
Q742368,block
Q7873,blood
Q1088,blue
Q35872,boat
Q170494,body
Q127197,bomb
Q11693,bond
Q265868,bone
Q571,book
Q811491,boom
Q190868,boot
Q133346,border
Q468388,boss
Q80228,bottle
Q335925,bottom
Q875399,boundary
Q153988,bowl
Q188075,box
Q3010,boy
Q622404,boyfriend
Q1073,brain
Q1410110,branch
Q431289,brand
Q7802,bread
Q903577,break
Q80973,breakfast
Q9103,breast
Q13428325,breath
Q40089,brick
Q12280,bridge
Q4967012,brief
Q429571,brilliant
Q15265344,broadcaster
Q10861465,brother
Q47071,brown
Q614467,brush
Q4982800,buck
Q41263,budget
Q41176,building
Q126731,bullet
Q170518,burn
Q5638,bus
Q4830453,business
Q43845,businessperson
Q34172,butter
Q160464,button
Q1308239,buyer
Q1416670,cabin
Q640506,cabinet
Q646462,cable
Q13276,cake
Q15328,camera
Q857784,camp
Q679087,campaign
Q209465,campus
Q12078,cancer
Q618536,candidate
Q6147804,cap
Q5034466,capability
Q584804,capacity
Q5119,capital
Q19100,captain
Q623,carbon
Q5038191,card
Q282049,career
Q561457,carrier
Q432449,carry
Q128234,case
Q693464,cash
Q300918,cat
Q719395,category
Q2574811,cause
Q221706,ceiling
Q211236,celebrity
Q7868,cell
Q25075,center
Q2270380,centre
Q578,century
Q2627975,ceremony
Q552299,chain
Q15026,chair
Q140686,chairperson
Q1068543,chamber
Q852061,champion
Q1079023,championship
Q107313420,chance
Q1150070,change
Q733553,channel
Q216285,chapter
Q32483,character
Q543461,charge
Q456673,charity
Q28923,chart
Q842046,check
Q47038,cheek
Q10943,cheese
Q3499072,chef
Q79529,chemical substance
Q366134,chest
Q780,chicken
Q7569,child
Q276258,childhood
Q1074500,chip
Q195,chocolate
Q12888920,choice
Q43656,cholesterol
Q1578,cigarette
Q5727902,circa
Q17278,circle
Q1020994,citizen
Q515,city
Q206887,civilian
Q870860,claim
Q18204,class
Q2976603,classic
Q621114,classroom
Q528166,client
Q1499786,climb
Q22857,climbing
Q1774898,clinic
Q376,clock
Q997419,closer
Q11460,clothing
Q8074,cloud
Q392326,club
Q1757710,cluster
Q41583,coach
Q24489,coal
Q124964,coalition
Q93352,coast
Q152574,coat
Q152355,cobbler
Q188889,code
Q8486,coffee
Q270952,cold
Q18054140,collapse
Q18029574,colleague
Q1144201,collect
Q17008256,collection
Q13473501,collective
Q189004,college
Q1075,color
Q4817,column
Q202805,combination
Q835400,combine
Q245068,comedian
Q40831,comedy
Q1367353,comfort
Q1079196,command
Q524980,commander
Q1141067,comment
Q2986261,commercial
Q60918,commission
Q865588,committee
Q11024,communication
Q177634,community
Q783794,company
Q102538,company
Q577714,comparison
Q45767,competition
Q836925,complaint
Q679989,complex
Q462437,composition
Q68,computer
Q1355665,concentrate
Q3686031,concentration
Q151885,concept
Q206361,concern
Q182832,concert
Q2992075,conclusion
Q22657,concrete
Q4116378,confidence
Q180684,conflict
Q525344,confusion
Q31924,connection
Q7087,consciousness
Q202722,consensus
Q733541,consequence
Q628403,conservation
Q1344851,consideration
Q188248,constant
Q659390,construct
Q385378,construction
Q5164591,consultant
Q22855,consumer
Q192270,consumption
Q525155,contact
Q987767,container
Q1260632,content
Q98381241,contest
Q196626,context
Q93288,contract
Q690182,contrast
Q338754,control
Q1255828,controversy
Q367293,convention
Q52943,conversation
Q1048607,conviction
Q156839,cook
Q13266,cookie
Q38695,cooking
Q687900,cool
Q380962,cooperation
Q849829,cope
Q2630146,core
Q154558,corn
Q167037,corporation
Q1155838,correspondent
Q240673,cost
Q11457,cotton
Q131514,couch
Q4358176,council
Q56289743,counselor
Q3519259,count
Q247299,counter
Q6256,country
Q28575,county
Q219160,couple
Q208160,courage
Q600134,course
Q41487,court
Q23009870,cousin
Q331481,cover
Q1798167,coverage
Q11748378,cow
Q2256933,crack
Q1294755,craft
Q13228,cream
Q3352472,creation
Q1274979,creature
Q182076,credit
Q345844,crew
Q83267,crime
Q2159907,criminal
Q381072,crisis
Q6430706,critic
Q17955,criticism
Q214934,crop
Q40843,cross
Q13430821,crowd
Q11042,culture
Q81727,cup
Q5195029,current
Q207137,curriculum
Q251777,custom
Q852835,customer
Q283916,cut
Q245595,cycle
Q481609,damage
Q11639,dance
Q13582404,danger
Q204170,darkness
Q42848,data
Q902501,date
Q308194,daughter
Q573,day
Q4,death
Q179875,debate
Q3196867,debt
Q39911,decade
Q732833,decision
Q208123,deck
Q23390,deer
Q159394,defendant
Q377213,defense
Q101072,definition
Q28390,degree
Q3021489,delay
Q1824143,delivery
Q4402708,demand
Q7174,democracy
Q175331,demonstration
Q643589,department
Q190429,depression
Q930412,depth
Q1055894,deputy
Q1200750,description
Q8514,desert
Q82604,design
Q5322166,designer
Q775842,desire
Q1064858,desk
Q182940,dessert
Q1183543,device
Q131395,dialogue
Q1072430,die
Q474191,diet
Q845126,difference
Q285726,dig
Q4440864,dimension
Q657221,dinner
Q2137554,direction
Q1162163,director
Q555882,dirt
Q12131,disability
Q1315911,discipline
Q190539,discourse
Q902342,discovery
Q169207,discrimination
Q3030248,discussion
Q12136,disease
Q746549,dish
Q778384,display
Q126017,distance
Q1229501,distinction
Q865811,distribution
Q106658,district
Q1230584,diversity
Q169534,division
Q93190,divorce
Q49848,document
Q144,dog
Q899391,dominant
Q36794,door
Q876065,double
Q34302,doubt
Q1050303,downtown
Q605704,dozen
Q31603,draft
Q206621,drag
Q25372,drama
Q21010853,drama
Q1137224,draw
Q93184,drawing
Q36348,dream
Q200539,dress
Q40050,drink
Q5307897,drive
Q352388,driver
Q185789,drop
Q8386,drug
Q165632,dust
Q878070,duty
Q7362,ear
Q5326940,earnings
Q2488752,earth
Q684,east
Q1167393,economic indicator
Q13135567,economic loss
Q8134,economics
Q188094,economist
Q159810,economy
Q3297804,edge
Q397239,edition
Q294083,editor
Q8434,education
Q974144,educator
Q1034411,efficiency
Q17147,egg
Q81050,eight
Q40231,election
Q12725,electricity
Q379825,element
Q192797,elite
Q16354816,elsewhere
Q5070802,emergency
Q9415,emotion
Q920915,emphasis
Q703534,employee
Q3053337,employer
Q656365,employment
Q12769393,end
Q289891,enemy
Q11379,energy
Q4202277,enforcement
Q44167,engine
Q81096,engineer
Q11023,engineering
Q6881511,enterprise
Q138858,entertainer
Q173799,entertainment
Q1572519,environment
Q1983062,episode
Q779859,equipment
Q630830,era
Q29485,error
Q1430466,escape
Q35760,essay
Q2186896,estate
Q9465,ethics
Q1379672,evaluation
Q7725,evening
Q1656682,event
Q2165236,everything
Q176763,evidence
Q1063,evolution
Q1355298,examination
Q14944328,example
Q179076,exchange
Q978044,executive
Q741252,exhibit
Q464980,exhibition
Q468777,existence
Q1362683,expectation
Q13516686,expense
Q164359,experience
Q101965,experiment
Q381160,expert
Q7958,explanation
Q179057,explosion
Q10967832,expose
Q210027,exposure
Q778379,expression
Q457875,extension
Q1385033,exterior
Q658371,extra
Q7364,eye
Q37017,face
Q346146,facility
Q188572,fact
Q323336,factor
Q83405,factory
Q180958,faculty
Q848346,fade
Q1121708,failure
Q288514,fair
Q5410500,faith
Q386905,familiar
Q8436,family
Q193432,fan
Q132311,fantasy
Q131596,farm
Q131512,farmer
Q12684,fashion
Q127980,fat
Q24075297,fate
Q7565,father
Q47089,fault
Q44619,fear
Q93586,feature
Q11765,fee
Q205555,feeling
Q1404101,fellow
Q189964,felt
Q148571,fence
Q161,fiber
Q8253,fiction
Q185674,field
Q224169,fifth
Q127771,fighter
Q2743326,figure
Q181820,file
Q1414142,fill
Q11424,film
Q1366722,final
Q114633,find
Q1243001,fine
Q335320,finger
Q3196,fire
Q152,fish
Q14373,fishing
Q8365495,fit
Q331710,fitness
Q14660,flag
Q235544,flame
Q7001368,flat
Q4173974,flavor
Q1049658,flesh
Q206021,flight
Q185958,float
Q217164,floor
Q750449,flow
Q506,flower
Q859257,fly
Q3568,focus
Q2095,food
Q3710,foot
Q11402,force
Q4421,forest
Q18193,form
Q736917,formation
Q976981,formula
Q491498,fortune
Q280658,forward
Q157031,foundation
Q267984,fourth
Q1039416,frame
Q24091434,freedom
Q1105534,freeze
Q11652,frequency
Q491,friendship
Q899192,front
Q1364,fruit
Q192242,frustration
Q1255864,fun
Q11348,function
Q25392373,fund
Q6055890,funding
Q201676,funeral
Q14745,furniture
Q344,future
Q854659,gain
Q318,galaxy
Q11410,game
Q16510064,game might not be a sporting event
Q275186,gang
Q4153227,gap
Q22733,garage
Q1107656,garden
Q21546392,garlic
Q11432,gas
Q53060,gate
Q592,gay
Q14467155,gaze
Q48277,gender
Q7187,gene
Q83460,general
Q213381,generation
Q749212,gentleman
Q371174,gesture
Q45529,ghost
Q3526964,giant
Q184303,gift
Q3031,girl
Q49835,girlfriend
Q11469,glass
Q169031,glove
Q5574688,go
Q18530,goal
Q897,gold
Q5377,golf
Q15290,good
Q7188,government
Q132050,governor
Q18185,grade
Q693944,grain
Q9238344,grandfather
Q9235758,grandmother
Q230788,grant
Q643352,grass
Q173387,grave
Q190095,gray
Q3133,green
Q365184,ground
Q83306,group
Q233646,growth
Q2328086,guarantee
Q25113,guard
Q6136054,guess
Q18089644,guest
Q14290559,guide
Q1630279,guideline
Q1299714,habit
Q52105,habitat
Q28472,hair
Q240854,hall
Q33767,hand
Q200266,handle
Q1363761,hang
Q80151,hat
Q1196074,he
Q23640,head
Q1313396,headline
Q7540126,headquarters
Q12147,health
Q160289,hearing
Q1072,heart
Q44432,heat
Q4489450,heaven
Q174647,heel
Q208826,height
Q34486,helicopter
Q564,hell
Q98815142,hello
Q2985722,help
Q1643184,help
Q11264559,heritage
Q162244,hero
Q521994,hide
Q269949,highway
Q54050,hill
Q193818,hip
Q201788,historian
Q309,history
Q713493,hit
Q1799916,hold
Q20204151,hole
Q1445650,holiday
Q7743,home
Q337349,honesty
Q10987,honey
Q207333,honor
Q190507,hope
Q43261,horizon
Q726,horse
Q16917,hospital
Q221673,host
Q27686,hotel
Q25235,hour
Q3947,house
Q259059,household
Q1247867,housing
Q1631996,how
Q5,human
Q313354,hundred
Q1714828,hunter
Q36963,hunting
Q212878,husband
Q41719,hypothesis
Q23392,ice
Q132137,icon
Q131841,idea
Q44649,ideal
Q2039217,identification
Q254474,identity
Q12730238,ie
Q218734,if
Q478798,image
Q34516,imagination
Q12547146,immigrant
Q131288,immigration
Q4115667,impact
Q1414816,incentive
Q6014548,incident
Q350205,income
Q9073584,increase
Q37055,independence
Q873506,index
Q496997,indication
Q795052,individual
Q8148,industry
Q166231,infection
Q35865,inflation
Q3150770,influence
Q11028,information
Q10675206,ingredient
Q378408,initial
Q63226770,initiative
Q193078,injury
Q21004260,inquiry
Q1553259,insight
Q1664689,instance
Q178706,institution
Q925783,instruction
Q16358610,instructor
Q1278335,instrumentalist
Q43183,insurance
Q58968,intellectual
Q83500,intelligence
Q1061524,intensity
Q677393,intention
Q52948,interaction
Q170924,interest
Q862761,interior
Q1072012,international
Q210439,interpretation
Q959298,intervention
Q178651,interview
Q305178,introduction
Q467011,invasion
Q6060613,invest
Q345847,investigation
Q4290,investment
Q557880,investor
Q677,iron
Q23442,island
Q86447,issue
Q6091500,it
Q849964,jacket
Q543694,jet
Q192581,job
Q9644,joint
Q131138,joke
Q49850,journal
Q1930187,journalist
Q935526,joy
Q16533,judge
Q3769186,judgment
Q8492,juice
Q155076,juridical person
Q837675,jury
Q5167661,justice
Q91165,keep
Q132041,key
Q206864,kick
Q283834,kill
Q138,king
Q7307,kiss
Q43164,kitchen
Q37425,knee
Q32489,knife
Q9081,knowledge
Q3676186,kuymak
Q202581,label
Q483242,laboratory
Q6468673,lack
Q1378024,lady
Q23397,lake
Q2085066,land
Q107425,landscape
Q315,language
Q1276686,lap
Q1069931,last
Q659600,launch
Q7748,law
Q207766,lawn
Q697327,lawsuit
Q40348,lawyer
Q708,lead
Q1251441,leader
Q484275,leadership
Q1968967,leading
Q33971,leaf
Q660818,league
Q899641,lean
Q133500,learning
Q286,leather
Q13196750,left
Q133105,leg
Q1812346,legacy
Q44342,legend
Q49371,legislation
Q1093742,lemon
Q36253,length
Q345096,less
Q379833,lesson
Q133492,letter
Q9788,letter
Q1046315,level
Q182436,librarian
Q7075,library
Q79719,license
Q4925193,lie
Q3,life
Q32090,lifestyle
Q194433,lift
Q9128,light
Q3249878,like
Q177239,limit
Q37105,line
Q14467526,linguist
Q1577757,link
Q15173,lip
Q27948,list
Q6673651,literary
Q8242,literature
Q913999,load
Q189539,loan
Q105731,lock
Q56274009,looking
Q246868,lot
Q316,love
Q1970348,luck
Q12896105,lunch
Q7886,lung
Q11019,machine
Q41298,magazine
Q500062,magnitude
Q49845,mail
Q906409,maintenance
Q983927,major
Q7382648,majority
Q300867,make
Q8441,man
Q2920921,management
Q721834,manager
Q13235160,manufacturer
Q187939,manufacturing
Q4006,map
Q7695,march
Q625360,margin
Q4281830,mark
Q37654,market
Q39809,marketing
Q8445,marriage
Q161524,mask
Q11423,mass
Q4233220,master
Q37507,match
Q214609,material
Q35758,matter
Q30185,mayor
Q2796622,mean
Q183046,meaning
Q192276,measure
Q12453,measurement
Q10990,meat
Q517596,mechanism
Q12140,medication
Q11190,medicine
Q583271,medium
Q2761147,meeting
Q9200127,member
Q492,memory
Q658274,menu
Q1421509,mere
Q443767,mess
Q628523,message
Q11426,metal
Q630649,meter
Q1799072,method
Q815844,method
Q17525443,middle
Q8473,military
Q8495,milk
Q450,mind
Q820477,mine
Q83307,minister
Q170079,minor
Q7727,minute
Q170774,miracle
Q35197,mirror
Q974850,missile
Q51647,mission
Q3732574,mistake
Q169336,mixture
Q188224,mode
Q1979154,model
Q3436010,moderate
Q638982,moment
Q1368,money
Q137823,monitor
Q5151,month
Q331769,mood
Q235282,moral
Q253509,more
Q7722,morning
Q184260,mortgage
Q7560,mother
Q79782,motion
Q644302,motivation
Q14710,mount
Q8502,mountain
Q7987,mouse
Q9635,mouth
Q929848,movement
Q1055293,multiple
Q132821,murder
Q33506,museum
Q638,music
Q1643514,music arranger
Q2743,musical
Q2188189,musical work
Q639669,musician
Q278818,must
Q1247195,mystery
Q12827256,myth
Q82799,name
Q1318295,narrative
Q58363586,narrator
Q6266,nation
Q7860,nature
Q9633,neck
Q190258,need
Q595597,negative
Q202875,negotiation
Q3924150,neighbor
Q123705,neighborhood
Q9620,nerve
Q32032,net
Q173106,network
Q38926,news
Q11032,newspaper
Q1050563,nice
Q575,night
Q41191,no
Q518390,nod
Q179448,noise
Q1156895,nomination
Q659,north
Q7363,nose
Q263478,note
Q154242,nothing
Q7063001,notice
Q595523,notion
Q8261,novel
Q11563,number
Q186360,nurse
Q11009,nut
Q175026,object
Q3880557,objective
Q2648051,obligation
Q193181,observation
Q3348297,observer
Q528892,occupation
Q9430,ocean
Q515895,odds
Q1456832,offense
Q182060,office
Q4002659,officer
Q599151,official
Q42962,oil
Q3352140,one
Q73368,online
Q2025821,opening
Q362482,operation
Q131030,operator
Q3962655,opinion
Q105562,opposition
Q187860,option
Q13191,orange
Q36602,order
Q1076566,ordinary
Q43229,organization
Q1052451,orientation
Q3885844,origin
Q1433373,other
Q104421475,other Donald Trump
Q27947481,other Donald Trump
Q1153773,out
Q17104930,outcome
Q36539,oven
Q1210093,over
Q691543,pace
Q1758639,pack
Q361698,page
Q81938,pain
Q174219,paint
Q1028181,painter
Q3305213,painting
Q2046512,pair
Q593676,pale
Q2001588,palm
Q938236,panel
Q11472,paper
Q7566,parent
Q22698,park
Q267917,parking
Q7401,part
Q1773152,participation
Q7140693,partner
Q728646,partnership
Q200538,party
Q6095429,pass
Q319604,passenger
Q335046,passion
Q192630,past
Q208218,patch
Q817765,path
Q170212,patient
Q738168,pattern
Q1640172,pay
Q1148747,payment
Q454,peace
Q2068602,penalty
Q2472587,people
Q3143131,pepper
Q160402,perception
Q625420,perfect
Q35140,performance
Q101843,period
Q3312801,permit
Q18028810,perpetrator
Q215627,person
Q641118,personality
Q188968,perspective
Q39201,pet
Q104837,phase
Q483247,phenomenon
Q5891,philosophy
Q202064,phone
Q125191,photograph
Q33231,photographer
Q11633,photography
Q187931,phrase
Q39631,physician
Q5994,piano
Q13360264,pie
Q2360918,piece
Q2397733,pile
Q1417516,pilot
Q1503211,pine
Q429220,pink
Q41551,pipe
Q118819,pitch
Q1794067,place
Q611203,plan
Q17285,plane
Q634,planet
Q309100,planning
Q756,plant
Q11474,plastic
Q57216,plate
Q666258,platform
Q25379,play
Q4197743,player
Q96399581,please
Q208195,pleasure
Q1474611,plot
Q321767,pocket
Q482,poetry
Q44946,point
Q2180428,pole
Q35535,police
Q1156854,policy
Q82955,politician
Q7163,politics
Q58734,pollution
Q11020,pool
Q60322905,pop
Q175385,population
Q816741,porch
Q44782,port
Q134307,portrait
Q1671968,pose
Q739168,position
Q2095727,pot
Q10998,potato
Q1202245,potential
Q100995,pound
Q10294,poverty
Q2374066,powder
Q25107,power
Q334600,practice
Q40953,prayer
Q29017578,predator
Q1285463,prefect
Q908656,preference
Q1490716,pregnancy
Q19833559,preparation
Q1179073,prescription
Q193168,present
Q604733,presentation
Q1255921,president
Q30461,president
Q39552,pressure
Q160151,price
Q3071551,pride
Q42603,priest
Q914681,prime
Q13365589,principal
Q211364,principle
Q11060274,print
Q830337,prior
Q40357,prison
Q1862087,prisoner
Q188728,privacy
Q158668,private
Q621184,problem
Q15262084,procedure
Q205663,process
Q1913301,produce
Q47541952,producer
Q542929,product
Q663143,production
Q28640,profession
Q702269,professional
Q121594,professor
Q4382010,profile
Q2112073,profit
Q247792,progress
Q170584,project
Q1425577,promise
Q516021,proof
Q3120038,proper
Q636109,property
Q47694,proportion
Q6501319,proposal
Q600751,prosecutor
Q2251595,protection
Q8054,protein
Q273120,protest
Q34876,province
Q703087,provision
Q212980,psychologist
Q9418,psychology
Q2388316,public
Q732577,publication
Q2085381,publisher
Q186361,punishment
Q231823,purpose
Q185957,quality
Q1150083,quarter
Q622747,quarterback
Q189756,question
Q483225,race
Q185056,radical
Q872,radio
Q633423,rail
Q7925,rain
Q905424,range
Q656784,rank
Q736288,rate
Q3481047,ratio
Q489398,reach
Q343546,reaction
Q1433533,reader
Q199657,reading
Q9510,reality
Q178354,reason
Q18733,recall
Q219239,recipe
Q3422036,recognition
Q1241356,record
Q13557414,recording
Q444184,recovery
Q3142,red
Q912546,reduction
Q121769,reference
Q165939,reflection
Q900406,reform
Q131572,refugee
Q5589178,regime
Q286576,register
Q428148,regulation
Q203066,relation
Q9174,religion
Q2566598,religious
Q10870555,report
Q42909,reporter
Q1272626,representation
Q774228,requirement
Q42240,research
Q1650915,researcher
Q1937518,reservation
Q11349590,resist
Q3088430,resistance
Q1051925,resolution
Q875157,resort
Q1554231,resource
Q28510,respect
Q7315941,respondent
Q1274115,responsibility
Q879844,rest
Q11707,restaurant
Q1308999,restriction
Q2995644,result
Q946865,retirement
Q850210,revenue
Q265158,review
Q10931,revolution
Q3242115,revolutionary
Q170406,rhythm
Q5090,rice
Q124072,rifle
Q2386606,right
Q46847,ring
Q104493,risk
Q4022,river
Q34442,road
Q8063,rock
Q214339,role
Q1444210,roll
Q83180,roof
Q180516,room
Q41500,root
Q31029,rope
Q533047,rose
Q1145381,round
Q1051976,route
Q1366302,row
Q1151067,rule
Q1097498,ruler
Q1210151,run
Q105674,running
Q1890036,rush
Q1151419,sacred
Q179723,sacrifice
Q471898,safe
Q24994,safety
Q170219,sake
Q9266,salad
Q194489,salary
Q194189,sales
Q12370,salt
Q49906,sample
Q32098,sanction
Q34679,sand
Q1297322,satellite
Q178359,sauce
Q1377846,save
Q319622,saving
Q125356,saw
Q3026787,saying
Q179651,scale
Q192909,scandal
Q1090839,scenario
Q282939,scene
Q1202008,schedule
Q431165,scheme
Q2248623,scholar
Q188823,scholarship
Q3914,school
Q336,science
Q901,scientist
Q472160,scope
Q522344,score
Q680499,screen
Q1070421,script
Q165,sea
Q11540953,search
Q24384,season
Q470540,seat
Q11574,second
Q80687,secretary
Q1228599,section
Q2346003,sector
Q169489,security
Q40763,seed
Q602418,segment
Q3236990,self
Q15686806,senator
Q1358789,senior
Q173253,sense
Q41796,sentence
Q133250,sequence
Q170198,series
Q10911683,serve
Q759916,service
Q932410,session
Q36161,set
Q617332,setting
Q167412,settlement
Q290,sex
Q7460262,shade
Q160020,shadow
Q11588367,shake
Q207961,shape
Q11692,share
Q2542618,sharp
Q1270787,she
Q477494,sheet
Q2637814,shelf
Q318028,shell
Q7493941,shelter
Q11446,ship
Q76768,shirt
Q519,shit
Q178061,shock
Q22676,shoe
Q220869,shoot
Q2154246,shooting
Q213441,shop
Q7501153,shopkeeper
Q830036,shopping
Q468756,shore
Q106526,short
Q49084,short story
Q260899,shot
Q16363,shoulder
Q15116915,show
Q7863,shower
Q340709,shrug
Q26382,side
Q1134322,sight
Q262246,sign
Q174984,signal
Q502261,silence
Q1090,silver
Q60227,sin
Q177220,singer
Q134556,single
Q140565,sink
Q595094,sister
Q2141565,situation
Q322481,size
Q172226,ski
Q130949,skiing
Q205961,skill
Q1074,skin
Q527,sky
Q35831,sleep
Q3026325,slide
Q1928883,slip
Q1541064,smell
Q487,smile
Q130768,smoke
Q139680,snap
Q7561,snow
Q345367,social
Q512314,socialite
Q8425,society
Q7397,software
Q36133,soil
Q7555845,solar
Q4991371,soldier
Q11438,solid
Q5447188,solution
Q177232,son
Q7366,song
Q709123,sort
Q9165,soul
Q11461,sound
Q41415,soup
Q3142800,source
Q667,south
Q107,space
Q1758037,speaker
Q1047113,specialty
Q7432,species
Q52946,speech
Q3711325,speed
Q133673,spin
Q193291,spirit
Q524080,split
Q349,sport
Q1472481,spread
Q1312,spring
Q164,square
Q214252,stable
Q3496332,staff
Q194428,stage
Q1271511,standard
Q683979,standing
Q523,star
Q7275,state
Q613299,statement
Q2097233,station
Q12483,statistics
Q1722555,steal
Q11427,steel
Q4352352,step
Q10971443,stick
Q1436130,still
Q909380,stock
Q1029907,stomach
Q22731,stone
Q28692681,stop
Q7619904,storage
Q81054,storm
Q217086,story
Q15464334,straight
Q58179319,stranger
Q185451,strategy
Q47521,stream
Q79007,street
Q605035,strength
Q123414,stress
Q49776,strike
Q184754,string
Q12202,stroke
Q499525,structure
Q48282,student
Q247976,studio
Q1759167,study
Q1292119,style
Q164573,subject
Q378078,substance
Q7632586,success
Q11002,sugar
Q690194,suggestion
Q10737,suicide
Q27905,suit
Q1313,summer
Q207326,summit
Q2006082,sun
Q542869,supply
Q1058733,support
Q725975,supporter
Q484298,surface
Q40821,surgery
Q333173,surprise
Q7257997,survey
Q104482419,survival
Q224952,suspect
Q2164233,sustain
Q195742,sweep
Q3087607,sweet
Q123704,swing
Q5320,switch
Q80071,symbol
Q169872,symptom
Q58778,system
Q14748,table
Q2002583,tablespoon
Q1055911,tactic
Q60960,tail
Q1124733,take
Q17991521,tale
Q190139,talent
Q12876,tank
Q656656,tap
Q17563434,target
Q759676,task
Q124794,taste
Q8161,tax
Q1938414,taxpayer
Q6097,tea
Q37226,teacher
Q352842,teaching
Q327245,team
Q76469,tear
Q216425,teaspoon
Q569612,technical
Q2695280,technique
Q11016,technology
Q1492760,teenager
Q11035,telephone
Q4213,telescope
Q289,television
Q674413,tell
Q11466,temperature
Q55919789,tendency
Q228436,tension
Q170544,tent
Q1318370,term
Q183366,territory
Q516626,terror
Q7283,terrorism
Q27318,test
Q1196258,testimony
Q234460,text
Q7710078,than
Q15614918,that
Q718893,theater
Q11635,theatre
Q833053,theme
Q17737,theory
Q7783619,they
Q387834,thing
Q9420,thinking
Q224074,third
Q3109046,this
Q349047,thought
Q707125,threat
Q16364,throat
Q172560,throw
Q454839,ticket
Q947731,tie
Q427711,till
Q11471,time
Q380640,tip
Q169545,tire
Q40397,tissue
Q216353,title
Q1566,tobacco
Q3151690,today
Q154425,toe
Q23501,tomato
Q1209716,tomorrow
Q833734,tone
Q9614,tongue
Q39546,tool
Q553,tooth
Q23856,top
Q200801,topic
Q284243,touch
Q5633897,tourist
Q500834,tournament
Q12518,tower
Q3957,town
Q11422,toy
Q321102,trace
Q160342,track
Q601401,trade
Q82821,tradition
Q4323994,traffic
Q80930,tragedy
Q628179,trail
Q870,train
Q918385,training
Q315364,transfer
Q461499,transformation
Q1606712,transition
Q61509,travel
Q179661,treatment
Q131569,treaty
Q10884,tree
Q1514415,trend
Q8016240,trial
Q133311,tribe
Q11755381,trick
Q1080137,troop
Q43193,truck
Q659974,trust
Q7949,truth
Q578508,try
Q1419626,tube
Q44377,tunnel
Q290042,turn
Q159979,twin
Q3707858,type
Q244700,ultimate
Q76557,uncle
Q46744,understanding
Q7434,uniform
Q185359,union
Q118084,unit
Q1,universe
Q3918,university
Q278368,user
Q466707,utility
Q116213,vacation
Q39816,valley
Q194112,value
Q50701,variable
Q767728,variety
Q11004,vegetable
Q42889,vehicle
Q16280097,version
Q382386,vessel
Q193891,veteran
Q374105,via
Q1851760,victim
Q50000,victory
Q625525,video
Q1329910,view
Q532,village
Q124490,violence
Q157811,virtue
Q808,virus
Q1682108,vision
Q12644761,visitor
Q7390,voice
Q39297,volume
Q24716636,volunteer
Q6821213,wage
Q1362362,wake
Q6537379,walking
Q42948,wall
Q198,war
Q7969813,warning
Q1250916,warrior
Q45701,waste
Q178794,watch
Q283,water
Q37172,wave
Q7478101,we
Q200535,wealth
Q728,weapon
Q617224,wear
Q11663,weather
Q49836,wedding
Q23387,week
Q211391,weekend
Q25288,weight
Q13109234,welcome
Q12002092,welfare
Q43483,well
Q7983223,were
Q679,west
Q62637727,what
Q446,wheel
Q7993606,while
Q23444,white
Q311681,who
Q2125243,wide
Q188830,wife
Q155656,will
Q1202506,win
Q8094,wind
Q35473,window
Q282,wine
Q45364,wing
Q1311,winter
Q551997,wire
Q799,wisdom
Q241625,wish
Q196939,witness
Q467,woman
Q977433,wonder
Q287,wood
Q8171,word
Q42213,work
Q327055,worker
Q656720,workshop
Q16502,world
Q1436482,worry
Q184753,wound
Q8038397,write
Q36180,writer
Q37260,writing
Q482798,yard
Q577,year
Q943,yellow
Q1541554,yes
Q1187312,yesterday
Q899301,yield
Q1165897,you
Q190007,youth
Q844878,Bo
Q1781511,Kong
Q2233776,Xiao
Q355641,Xiao
Q197430,Zhao
Q804886,Zhao
Q3179484,ex
Q1689569,Jing
Q6202204,Jing
Q21597344,Strategy&
Q21622213,.NET
Q4749624,A24
Q16248298,A24
Q361398,XXL
Q12010840,XXL
Q3100749,XXL
Q44430, 
Q4448523,Xiong
Q81651,X-2
Q223365,X-1
Q4646750,?
Q307482,100%
Q452253,Seventeen
Q14524548,Seventeen
Q440650,M-102
Q55188,Earth (movie)
Q409022,Airport
Q1368409,breeder
Q104555,ruler
Q43475,Derby
Q1018373,Derby
Q19470,Derby County F.C.
Q956437,norm
Q1829313,norm
Q11451,agriculture
Q3606845,agricultural science
Q173113,agronomy
Q743241,Group A
Q2990593,behavior
Q1132131,loyalty
Q718943,newbie
Q340972,Dialog
Q5270580,Dialog
Q900581,gloss
Q1132324,gloss
Q2900682,reasonable person
Q843227,trope
Q25438451,trope
Q794589,Replay
Q1654538,Replay
Q25635316,mockery
Q286842,Plan B
Q552341,Plan B
Q16578639,influence
Q223575,drawer
Q15296811,drawer
Q60775665,Your Phone
Q386933,God
Q60914457,Noon
Q414425,Dual
Q877200,Dual
Q62962,hypnotic
Q7450648,senior
Q2367164,epic
Q37484,epic poem
Q2330647,visionary
Q1428119,Matchless
Q2188702,person
Q1372505,marginal
Q246283,Frozen
Q18148065,Frozen
Q79875,Mobile
Q708492,municipal council member
Q1229245,dispositif
Q391640,modular synthesizer
Q743241,Group A
Q5614018,TheGuardian.com
Q13973,MSNBC
Q2877626,NBC News
Q131647,medal
Q861764,CBS News
Q232932,Open Access
Q186068,Fox News
Q1759284,deductible
Q162633,academy
Q166032,The Washington Post
Q1023912,CNBC
Q429604,Al Jazeera
Q40469,Associated Press
Q48340,CNN
Q164746,The Wall Street Journal
Q121117,supercomputer
Q11991273,Newsmax Media
Q100300992,Al Jazeera English
Q1076105,CNN-News18
Q1105124,Sky Cinema
Q1108255,GB News
Q1155790,general election
Q1156181,DStv
Q1174202,Film4
Q1191688,DW-TV
Q1218,NHK World-Japan
Q12496071,BBC
Q1340204,BBC News
Q145,Sky News
Q13612085,i24NEWS
Q15238610,Magic 105.4 FM
Q1529532,Sky Sports
Q15995436,Kisstory
Q1636545,Virgin Radio UK
Q166180,Reach plc
Q16998932,France 24
Q18643692,Newsquest
Q18746352,CBSN
Q1916402,Bauer City 2
Q191715,Pearson plc
Q194419,WarnerMedia
Q1992164,Hot Bird
Q1997305,Foxtel
Q202833,Nilesat
Q2055297,CITV
Q2062629,social media
Q2072562,CBC News Network
Q208491,Radio X
Q208820,BBC World News
Q2092490,Virgin Media
Q21484379,baptismal font
Q2156823,News UK
Q218,Freesat
Q2201035,Freeview
Q22079632,Eurosport
Q240,TalkingPictures TV
Q25001576,Isleworth
Q25022235,CBBC
Q25094,Talkradio
Q261492,Hampstead
Q27,Sky TG24
Q270285,Pluto TV
Q2778016,BBC Television
Q29468,Trinity Broadcasting Network
Q3114,The Independent
Q3141,ITV plc
Q333963,StarTimes
Q34647,Radio tlvision suisse
Q3487310,Sky News Australia
Q4296040,Sky News Arabia
Q44473,CGTN
Q4590187,BBC World Service
Q4686747,All 4
Q4740856,Advertising Standards Authority
Q4795774,Amstrad
Q4836771,Absolute Radio
Q4873460,Arqiva
Q490,Bauer Radio
Q5072394,BT TV
Q5112,Capital Xtra
Q5128150,Channel Four Television Corporation
Q534238,Eamonn Holmes
Q5476713,Classic FM
Q5975124,BT Group
Q621592,Dubai
Q625568,Discovery Inc.
Q641676,show business
Q6416895,21st Century Fox
Q6457273,Kiss
Q649,Naturalis Biodiversity Center
Q65,Moscow
Q65053667,Los Angeles
Q65079727,OSN
Q652282,LBC
Q653236,Scala Radio
Q664960,Alastair Campbell
Q667613,Eurosport 2
Q6769876,Daily Mail and General Trust
Q67765302,Sky Deutschland
Q6809310,Mark Stone
Q680946,Mehdi Hasan
Q6831566,Informa
Q708562,Future plc
Q724759,Planet Rock
Q7414,NBCUniversal
Q7537260,British Phonographic Industry
Q7537333,Sky Broadband
Q7679885,BBC Radio 3
Q771,Sky Go
Q778126,Hits Radio
Q7876052,Intelsat
Q795533,Talksport
Q795563,BBC Asian Network
Q795578,BBC Radio 1Xtra
Q795579,BBC Radio 2
Q795585,BBC Radio 4 Extra
Q795588,BBC Radio 1
Q795596,BBC Radio 5 Live
Q795598,BBC Radio 5 Live Sports Extra
Q795600,BBC Radio 4
Q796,Wireless Group
Q80006,BBC Radio 6 Music
Q858,YouView
Q866,Ofcom
Q9049677,Times Radio
Q907311,neutrality
Q918,Press TV
Q9531,Euronews
Q956,CBeebies
Q987,Sky Studios
Q217228,Sky News
Q787216,BBC News
Q209163,video game expansion pack
Q1075020,political agitation
Q663,aluminium
Q107994,vector
Q1742093,remuneration
Q18155506,Vice News
Q12060881,Imperial China
Q13426199,Republic of China
Q11416,gambling
Q795183,Thief (game)
Q104859688,GLP
Q1047113,rhetoric
Q8478,Euronews
Q890729,Sport TV
Q17434169,Africanews
Q2014847,BabyTV
Q3543983,Globe Telecom
Q1113804,Comcast
Q1199764,Virgin Media
Q936111,CBeebies
Q423289,BBC World Service
Q749608,BBC Radio 3
Q1976628,Foxtel
Q2365987,CBBC
Q11348030,Rythm
Q81009,rhetoric
Q370735,social integration
Q42959,Himalayan (breed of cat)
Q572916,found object
Q3972943,publishing
Q2207288,craft
Q12909644,political ideology
Q319676,competition
Q750962,Republic
Q1088913,A Man (book)
Q3748888,labour power
Q40867,poison
Q15628,Oxygen
Q6888384,modeling and simulation
Q191089,old age
Q44854,squatting
Q3077464,substantial form
Q1146195,custom car
Q981008,sociology of scientific study
Q780687,rights
Q1385001,traction
Q36829,Pareto efficiency
Q1402386,touring car
Q12271,architecture
Q2465611,co-driver
Q5508224,fullback
Q270948,action game
Q3958441,economic sector
Q188886,station wagon
Q28877,goods
Q271588,printmaking
Q722218,label
Q65311735,valorisation
Q13597976,2-in-1 PC
Q126793,retail
Q2585724,educational assessment
Q268592,industry
Q26911,economic profit
Q42621,hybrid
Q43450,gymnastics
Q600236,surgical operation
Q472055,strategy video game
Q382647,intramural sports
Q315971,total loss
Q3908516,entrepreneurship
Q3908516,commerce
Q2476929,confidentiality
Q2476929,transfer
Q31728,public administration
Q2346517,equity
Q1811518,transfer
Q1411739,Time Inc.
Q1402386,touring car
Q395,mathematics
Q85809763,Times Radio
Q1783801,Sony Pictures Imageworks
Q232153,One Day
Q268808,Premier Automobiles Limited
Q34770,language
Q721063,professional wrestling championship
Q920766,sweating sickness
Q19840922,Three UK
Q3211420,The skin
Q237893,film editing
Q211496,high-level programming language
Q3688975,side dish
Q6545590,entre
Q2378942,Livestream
Q7725634,literary work
Q223393,literary genre
Q13440398,workforce
Q370330,convoy
Q5663900,mayor of a place in Spain
Q18161349,iKON
Q7414000,San Francisco Dons men's basketball
Q11033,mass media
Q181055,hot dog
Q187432,scripting language
Q1417293,technology management
Q21526531,Mafia
Q192957,reactionary
Q72638,consumer
Q2207288,craft
Q1081491,football codes
Q11880006,heating
Q172145,fluid mechanics
Q20612431,plant engineering
Q167835,Fallout
Q572916,found object
Q42959,Himalayan
Q43015,finance
Q1344963,world championship
Q2043282,business administration
Q40779,Roman consul
Q843958,digitization
Q24856,film series
Q41217,mechanics
Q7754,mathematical analysis
Q1252929,medical statistics
Q29358,orienteering
Q1553864,governance
Q324503,sterilisation
Q2382443,biota
Q2737049,Quest Corporation
Q2467478,widget
Q3329375,language variety
Q989018,distribution
Q846031,Vodafone Ukraine
Q25351891,business service
Q2897903,goods and services
Q1172222,Data General
Q206330,objectivity
Q191089,old age
Q72638,consumer
Q317088,commodity
Q1350326,frostbite
Q5508224,fullback
Q354058,The Client
Q1363768,amalgamation
Q39640,setter
Q1532758,clamshell design
Q10498,Reticulum
Q27884,markup
Q8236,literacy
Q63474304,Epik
Q779983,excludability
Q749109,Great Britain
Q8042228,XIX Entertainment
Q2634111,Action
Q814232,survey methodology
Q706884,accomplice
Q2020153,academic conference
Q9282,Crater
Q19840922,Three UK
Q1156811,performance-related pay
Q856024,CE Europa
Q1385001,traction
Q1371405,mole
Q20819990,organism
Q7049542,nonpartisanism
Q728265,royalties
Q779983,excludability
Q41547,St Georges
Q21010246,Squad
Q829281,network host
Q167170,multi-sport event
Q268808,Premier
Q25351891,business service
Q21010246,Squad
Q2414942,management science
Q44148,male organism
Q485396,analytics
Q3002772,political crisis
Q6587194,centrism
Q747457,empanada
Q11297905,Kingdom
Q45996,mysticism
Q8675,Draco
Q134211,polo
Q178,pasta
Q572916,found object
Q3366952,Alta
Q1628963,appetizer
Q856887,security guard
Q3246109,derby
Q1388349,boule lyonnaise
Q2861470,emergency medicine
Q1788780,Palio
Q2504585,Unico
Q16132073,extraterrestrial
Q611465,scratchcard
Q4989906,monument
Q15334,municipality of Poland
Q845371,void
Q690362,The Fall
Q1471717,lament
Q268592,industry
Q621421,biblical judge
Q388698,Atlanticism
Q133163,percussion instrument
Q11033,mass media
Q7866372,USC Trojans men's basketball
Q81243,Riga Autobus Factory
Q117507,Atomic Skis
Q104740,Radom
Q152473,Arad
Q80845,S.C. Internacional
Q872181,scouting
Q65053339,fictional parody character from The Onion loosely based on the real Joe Biden
Q334401,surveillance
Q5059994,center of excellence
Q26643,commerce
Q23311,City of London
Q241031,James Bond
Q28127991,2017 NFL season
Q1395918,2012 NFL season
Q21993818,2016 NFL season
Q47090681,2018 NFL season
Q1325351,2005 NFL season
Q622672,2009 NFL season
Q764670,1971 NFL season
Q2609406,1994 NFL season
Q60526042,2019 NFL season
Q2190688,2013 NFL season
Q622675,2010 NFL season
Q1960118,2003 NFL season
Q1559002,1975 NFL season
Q1960085,1977 NFL season
Q507929,1998 NFL season
Q1548189,1973 NFL season
Q1479692,1974 NFL season
Q1960091,1979 NFL season
Q2610119,1988 NFL season
Q1960114,2002 NFL season
Q385964,2006 NFL season
Q18698858,2015 NFL season
Q74108831,2020 NFL season
Q622670,1983 NFL season
Q1752978,1967 NFL season
Q1858235,1969 NFL season
Q2610125,1986 NFL season
Q1649741,1995 Major League Baseball season
Q1960089,1976 NFL season
Q4273481,1979 Major League Baseball season
Q4273491,1989 Major League Baseball season
Q4273489,1990 Major League Baseball season
Q1753746,1966 NFL season
Q385181,1997 NFL season
Q979803,1996 NFL season
Q1649712,1998 Major League Baseball season
Q1960112,2001 NFL season
Q1960108,2000 NFL season
Q4630246,2014 NFL season
Q622681,2011 NFL season
Q254029,2007 NFL season
Q690475,1991 NFL season
Q2609409,1993 NFL season
Q1960101,1981 NFL season
Q582711,1989 NFL season
Q2611422,1984 NFL season
Q1668843,1970 NFL season
Q655392,2009 Major League Baseball season
Q1231094,2008 Major League Baseball season
Q1752984,1968 NFL season
Q1753767,1965 NFL season
Q984961,1980 NFL season
Q42530846,2018 Major League Soccer season
Q677607,1978 NFL season
Q2392480,1994 Major League Baseball season
Q1649894,1983 Major League Baseball season
Q4273485,1984 Major League Baseball season
Q534345,1992 NFL season
Q1753753,1960 NFL season
Q4591541,1996 NCAA Division I-A football season
Q1706523,2008 NFL season
Q104765108,2021 NFL season
Q1432035,2004 NFL season
Q18455496,2015 Nippon Professional Baseball season
Q24489042,2016 Nippon Professional Baseball season
Q2390139,2006 Major League Baseball season
Q18999882,2016 Major League Soccer season
Q58327598,2019 Major League Soccer season
Q71819887,2020 Major League Soccer season
Q15233253,2014 Major League Soccer season
Q103821894,2021 Major League Soccer season
Q2611428,1985 NFL season
Q2609413,1995 NFL season
Q1423491,1999 NFL season
Q48755191,2018 Nippon Professional Baseball season
Q94337,2011 Major League Baseball season
Q28128103,2017 Major League Baseball season
Q1960082,1972 NFL season
Q2406048,1987 NFL season
Q581105,consumer electronics
Q11650,electronics
Q162768,personal digital assistant
Q22645,smartphone
Q1962383,sustainable energy
Q846316,aplastic anemia
Q1729126,cardioversion
Q11173,chemical compound
Q18912826,anterior cruciate ligament injury
Q1125338,book cover
Q133080,public relations
Q697117,spinal disc herniation
Q210820,camera phone
Q307794,at17
Q2853247,unsportsmanlike conduct
Q1092816,street football
Q36192,folklore
Q42767,whaling
Q3665646,basketball player
Q2967248,timeline of association football
Q5001951,business studies
Q969772,free agent
Q381165,trophy
Q552359,BBC Sport
Q170645,2018 FIFA World Cup
Q79859,2014 FIFA World Cup
Q101730,1998 FIFA World Cup
Q46938,1986 FIFA World Cup
Q101751,1994 FIFA World Cup
Q131075,1954 FIFA World Cup
Q132529,1990 FIFA World Cup
Q47735,2002 FIFA World Cup
Q132533,1958 FIFA World Cup
Q176883,2010 FIFA World Cup
Q220231,2013 FIFA Confederations Cup
Q37285,2006 FIFA World Cup
Q685934,1999 FIFA Confederations Cup
Q166121,1974 FIFA World Cup
Q132664,1970 FIFA World Cup
Q46934,1982 FIFA World Cup
Q183674,2009 FIFA Confederations Cup
Q589997,2017 FIFA Confederations Cup
Q329430,1992 King Fahd Cup
Q505637,1995 King Fahd Cup
Q1477177,1934 FIFA World Cup
Q131591,1938 FIFA World Cup
Q132515,1950 FIFA World Cup
Q160813,1962 FIFA World Cup
Q46943,1978 FIFA World Cup
Q1316347,2017 Africa Cup of Nations
Q647475,2003 FIFA Confederations Cup
Q166551,1997 FIFA Confederations Cup
Q155346,2005 FIFA Confederations Cup
Q1260154,1997 UEFA Intertoto Cup
Q1153489,1999 UEFA Intertoto Cup
Q385054,2008 UEFA Intertoto Cup
Q838409,2003 CONCACAF Gold Cup
Q1135941,2015 FIFA U-20 World Cup
Q493052,2001 FIFA Confederations Cup
Q5020214,2026 FIFA World Cup
Q48432,1930 FIFA World Cup
Q831688,2007 FIFA U-20 World Cup
Q2581358,2001 Intercontinental Cup
Q30126793,2019 UEFA Super Cup
Q31076213,2019 FIFA Club World Cup
Q1195287,2002 UEFA Intertoto Cup
Q925079,2003 UEFA Intertoto Cup
Q602504,2004 UEFA Intertoto Cup
Q1466456,1995 UEFA Intertoto Cup
Q1626413,1996 UEFA Intertoto Cup
Q1153507,1998 UEFA Intertoto Cup
Q545004,2000 UEFA Intertoto Cup
Q603713,2001 UEFA Intertoto Cup
Q751328,2005 UEFA Intertoto Cup
Q965532,2006 UEFA Intertoto Cup
Q614918,2007 UEFA Intertoto Cup
Q137920,2009 FIFA Club World Cup
Q578169,2009 UEFA Super Cup
Q746979,2011 FIFA U-20 World Cup
Q725800,2002 African Cup of Nations
Q725521,2000 African Cup of Nations
Q276550,2008 Africa Cup of Nations
Q585231,2006 Africa Cup of Nations
Q1364269,2015 Africa Cup of Nations
Q11831154,2019 Africa Cup of Nations
Q153585,2010 FIFA Club World Cup
Q753144,1988 African Cup of Nations
Q512275,1992 African Cup of Nations
Q597115,1998 African Cup of Nations
Q50781,1968 African Cup of Nations
Q729596,1974 African Cup of Nations
Q746048,1980 African Cup of Nations
Q753149,1986 African Cup of Nations
Q754327,1990 African Cup of Nations
Q515037,1994 African Cup of Nations
Q18113389,2021 Africa Cup of Nations
Q284163,2022 FIFA World Cup
Q18107167,2023 Africa Cup of Nations
Q60515006,2025 Africa Cup of Nations
Q637957,2009 CONCACAF Gold Cup
Q847307,1993 CONCACAF Gold Cup
Q675797,1996 CONCACAF Gold Cup
Q842042,1998 CONCACAF Gold Cup
Q4150,2013 FIFA U-20 World Cup
Q61082445,2020 FIFA Club World Cup
Q1066351,1983 European Super Cup
Q48845186,2020 UEFA Super Cup
Q60751482,2019 MLS Cup Playoffs
Q754025,2012 UEFA Super Cup
Q745601,2010 UEFA Super Cup
Q26897878,2018 UEFA Super Cup
Q2217106,2004 Intercontinental Cup
Q1192930,1995 UEFA Super Cup
Q63082345,2019 U.S. Open Cup
Q951035,1992 European Super Cup
Q1912188,1988 Intercontinental Cup
Q588183,2004 African Cup of Nations
Q218208,2012 Africa Cup of Nations
Q389642,1957 African Cup of Nations
Q501633,1959 African Cup of Nations
Q729588,1972 African Cup of Nations
Q570741,1976 African Cup of Nations
Q117206,1978 African Cup of Nations
Q570465,1982 African Cup of Nations
Q5771590,2022 FIFA World Cup qualification
Q59779098,2021 UEFA Super Cup
Q597316,2001 UEFA Super Cup
Q20807306,2016 Davis Cup
Q55155,2010 Davis Cup
Q810339,2014 FIBA Basketball World Cup
Q4630359,2019 FIBA Basketball World Cup
Q688351,2013 Africa Cup of Nations
Q83157,2010 Africa Cup of Nations
Q28327710,2019 Africa Cup of Nations qualification
Q542631,1965 African Cup of Nations
Q723554,1970 African Cup of Nations
Q826107,1996 African Cup of Nations
Q746037,1984 African Cup of Nations
Q20650884,2019 CONCACAF Gold Cup
Q14818140,2015 CONCACAF Gold Cup
Q772726,2000 CONCACAF Gold Cup
Q65091244,MLS Cup 2019
Q240629,1991 CONCACAF Gold Cup
Q261821,2009 FIFA U-17 World Cup
Q729954,2011 FIFA U-17 World Cup
Q649725,2013 FIFA U-17 World Cup
Q1135958,2015 FIFA U-17 World Cup
Q8350658,2017 FIFA U-17 World Cup
Q20994022,2019 FIFA U-17 World Cup
Q482560,2007 FIFA U-17 World Cup
Q614213,1985 Intercontinental Cup
Q669501,1989 European Super Cup
Q18815,1990 European Super Cup
Q549089,1994 European Super Cup
Q947567,2003 UEFA Super Cup
Q1080103,1984 European Super Cup
Q1853014,1989 Intercontinental Cup
Q2711636,1990 Intercontinental Cup
Q2624218,1973 Intercontinental Cup
Q595361,1996 Intercontinental Cup
Q739410,1996 UEFA Super Cup
Q753115,2007 CONCACAF Gold Cup
Q20650885,2021 CONCACAF Gold Cup
Q275439,2013 CONCACAF Gold Cup
Q264003,2002 CONCACAF Gold Cup
Q136865,2012 FIFA Club World Cup
Q846236,2014 FIFA Club World Cup
Q754368,2011 UEFA Super Cup
Q15293558,2015 FIFA Club World Cup
Q138119,2011 FIFA Club World Cup
Q4630327,2015 UEFA Super Cup
Q5787263,2017 FIFA U-20 World Cup
Q587513,2009 FIFA U-20 World Cup
Q23758108,2019 FIFA U-20 World Cup
Q657561,2000 Intercontinental Cup
Q4630356,2019 AFC Asian Cup
Q21286160,front-facing camera
